sentiment_score,closed_pnl
-2.0,4619.4390530625005
-1.0,5328.818161336508
0.0,3438.6188179521278
1.0,3318.100729862654
2.0,5161.9226438650185
